category,answer
"Belongingness & Support","very good feeling with manager and supportive person for me emotican send from me by mistake"
Manager,"His behaviour"
Manager,"Relife based practice not Target people for business"
Manager,"There are many things which should be turn better. "
Manager,"Yes starting mein adjust krne mein problem jaroor thi PR ab achha feel hota hai"
"Company Vision","Taking ayurveda to every person in world"
"Company Vision","Taking Ayurveda to every home."
"Company Vision","Ghar ghar ayurved"
"Company Vision","They r vry passionate about their goal and vision"
"Company Vision","working on line of treatment"
"Company Vision","We have a team of highly talented doctors.. & so much to learn here.. Quite peaceful"
"Company Vision","Every  home in ayurveda and haldy India and Economy grourh"
"Company Vision","Highly exposure of variety of disease and patient"
"Company Vision","Platform "
"Company Vision","Authentic medicine"
"Company Vision","Ayurveda @ peoples doorstep"
"Company Vision","Spreading authentic ayurveda"
"Company Vision","Best line of treatment"
"Company Vision","Culture, training about each disease "
"Company Vision","To bring back ayurveda in the main stream line of medicines"
"Company Vision","Knowledge sharing"
"Company Vision","Ayurveda "
"Company Vision","Knowledge sharing session "
"Company Vision","availability of no.of patients"
"Company Vision",Good
"Company Vision","Very systematic approach in all things from interview to clinic. Very nice software created for doctors for patients records. "
"Company Vision","To take ayurveda to every home"
"Company Vision","personalize ayurved treatment"
"Company Vision","Taking othentic ayurveda to every home"
"Company Vision","Ayurveda Ko india ke har ghar tk pahunchana muje ye vision sabse jyada prabhavit krta he"
"Company Vision","Door to door reach ayurveda,"
"Company Vision","Bring  authentic Ayurveda to every Home "
"Company Vision","To educate common man about ayurved in a simple manner"
"Company Vision","Ayurved for everyone whether through TV or phone call consultation or Ayurved clinic"
"Company Vision","Eapansion of Ayurveda with modern and scientific temper"
"Company Vision","Aunthetic ayurveda"
"Company Vision","Taking ayurveda to every home"
"Company Vision","To make people understand about the science behind ayurveda"
"Company Vision","To take Ayurveda at every door step"
"Work Clarity","Goals, nobody knows what to target"
"Work Clarity","Dr should be like scientist not a sells man"
Infrastructure,"Headphone issue it is not clear voice and delay attached pt  reports"
Infrastructure,"Opd deals with patients "
Infrastructure,"Slow system "
Infrastructure,"Displine "
Infrastructure,Ipd
Infrastructure,"In Indore me it department"
Infrastructure,"Sallery issue"
Infrastructure,"Nothing specific"
Infrastructure,"Good quality tea, accommodation could be better"
Infrastructure,"Panchakarma unit"
Infrastructure,"Leaves criteria and no of days are very less compared to other companies "
Others,"I think jiva is best practitioner for me and other Doctors there is pt care is so exellent"
Others,"I am happy to be the part if this organization ,which itself is the reason to be happy and contented."
Others,"Ayurveda is hard to practice what reali is it"
Others,"Learn more in ayurveda"
Others,"My personal experience"
Others,"Normal h Baki pura dn phn calls p bore Ho jaate h"
Others,"feel  good and emotican send by mistake"
Others,No
Others,"Jiva is perfect for learning"
Others,"Because i am not feeling that i am a practicener"
Others,"Work culture,  support,  people"
Others,"Freedom for treatment , respect given to doctors and knowledge"
Others,"Feedback for"
Others,Ok
Others,"Monthley target"
Others,Good
Others,"good possibility to gain knowledge"
Others,Yes
Others,"I was very nicely welcomed on my first at training center. All training session was very informative and taught from actual patient doctor disease evaluation context. "
Others,"No specific"
Others,"i think its great opportunity to me to work with jiva "
Others,"It is a very big health care industry"
Others,"Pt Ayurveda physician pe ashani se believe nhi krte pr ek JIVA AYURVEDA PHYSICIANS pe believe krte he or muje time milta he pt ki problem ko s smjne ke liye"
Others,"Every person knows Jiva nowadays"
Others,"Nothing special, aal are true answer, what I feel I tell "
Others,"Jiva is an organization whose motto is to spread the knowledge of ayurved door to door"
Others,"Because the work  environment is good...lot of patients.."
Others,"Continous effort of Jiva team"
Others,"Knowledge synchronization, Experience sharing, Zeal and motivation"
Others,"Working culture"
Others,"I feel proud about working at jiva"
Others,"good environment reputation of institution n understanding coworkers"
Others," I am happy to work with Jiva "
Others,"To give a proper feedback "
"Belongingness & Support",No
"Belongingness & Support",None
"Belongingness & Support","Not really like hospital it was a office"
Culture,"Helping hand here from my seniors"
Culture,"Salary low  work pressure very much."
Manager,"Managers are good. But h r managers is very bad. Fals taking."
Manager,"She is like guide to who helps me in my hurdle"
"Support from Seniors",NULL
"Support from Seniors",NULL
Culture,"Hmmm, first of all seniors are really supportive here , no one gets irritate, no matter how many times we ask for anything and secondly and most importantly the working enviornment and culture is safe and protective for women mean there could never be any"
Culture,"Pt consultation & here environment"
Culture,Cooperatio
Culture,"Safe work place"
Culture,"working environment is very friendly, co operative and helpful... feels like home away from home"
Culture,Yes
Culture,"quite peacuful .. talented doctors are here... we have so much to learn here"
Culture,"Honesty and hardwork and  jiva given me a lotof respect"
Culture,"Totally based on Ayurvedic tt "
Culture,"Good experience and large exposure"
Culture,"Best work culture"
Culture,"Working together in a single roof"
Culture,Yes
Culture,"Friendly and supportive nature of officials and seniors"
Culture,"Regular feedback about my porformance and friendly employee enviroment "
Culture,"Work culture"
Culture,"Good working environment "
Culture,"Here working is not a task is like a passion. We work here for betterment of mankind I think that is the best thing for working here."
Culture,"Environment and everything is going good but the H R department is going to make false promise "
Manager,"Time in completion of the task or help"
Manager,Ok
Manager,"Auditor kam hai"
Manager,"Sometimes not helps"
Manager,"Yes support"
Manager,"Nothing "
Manager,"Quick responce"
Manager,"Sometimes patient need immediate panchakrma for good result kindly provide panchakarma facilities here.."
"HR & Policies","Many things "
"HR & Policies","About policies"
"HR & Policies","Initially my joining was for aliganj , Lucknow but during training they change my location hazaratganj without taking my consent As my profile was clinic doctor but still system not provided in clinic hazaratganj "
"HR & Policies","Not exactly unclear but according to me I need and request for one target one incentive scheme......"
"Support from Seniors","Understanding problem"
"Support from Seniors","No comments"
"Support from Seniors","I m clinic doctor "
"HR & Policies","About policies"
"HR & Policies","I mentioned above.."
"Belongingness & Support","Well ,its complicated"
"Career Growth","Is there any provision for promotion"
"Belongingness & Support","Working in jiva is like working with family such a great success pathway"
"Belongingness & Support","Treatment given to the patient "
"Belongingness & Support","I am learning treatment here.......n yeah different people from different region can call me and i can treat them"
"Belongingness & Support","Principle based classical customized treatment!! "
"Belongingness & Support","The friendly atmosphere"
"Belongingness & Support","Positive environment"
"Belongingness & Support","Work environment "
"Belongingness & Support","Not able to achieve target"
"Belongingness & Support","Because target is too much"
"Support from Seniors","My charak helps me but he cannt satisfy my questions n in other hand some charak are really vry gud they told their vagbhatt each n every things in vry easy manner"
"Company Vision","Jiva do really nice job like promoting Ayurved in the world"
"Company Vision","Broad level reach to patients"
"Company Vision","Clarity in Promoting, Preservating Principle based Ayurveda! "
"Company Vision","Authentic ayurvedic practice"
"Company Vision","Creating awareness about ayurveda"
"Company Vision","Reaching Ayurveda at every home"
"Company Vision","Not unclear but i am doing my better but i cannt understand why m not achieving my goal"
"Company Vision","Sometimes incentives "
"Company Vision","But target is too much and live list is not upto mark"
"Settling In","Best "
"Settling In","Everyone is really supporting"
"Settling In",Nothing
"Settling In","My learning experience "
"Settling In","Manager support "
"Settling In","I got to learn many things"
"Settling In","THE OFFICE ATMOSPHERE , MUTUAL TEAM SUPPORT & UNDERSTANDING"
"Settling In","I got transferred to the clinic I asked for..Got incentive"
"Settling In","Good exposure"
"Settling In","My conversion "
"Work Clarity","I was a vaghbhatt doctor going to permorted to kashyap???? ????"
"Work Clarity","Pt  complaints"
Manager,"He wnats more and more tretment and appreciate some time "
"Career Growth","Good "
"Career Growth","Becoz m being permoted in just 4 months as well as i feel more confident on my knowledge in ayurveda"
"Career Growth",Yes
"Career Growth",Yes
"Career Growth","I do feel so becoz jiva is not the platform for earning money but also for knowledge and where knowledge stands opportunities are always there"
"Career Growth","My knowledge of Ayurveda is increasing "
"Career Growth","MULTIPLE GROWTH & DEVELOPMENT OPPORTUNITIES DO EXHIST PERTAINING CAREER AS A AYURVEDA PHYSICIAN"
"Career Growth","Team work"
"Work Clarity","Yes "
"Work Clarity","A security in job"
"Work Clarity","Most satisfying is that now I m able to deal patient myself"
"Work Clarity","PERFECT SCENARIO FAVOURING  CAREER GROWTH"
"Career Growth","Some i feel we are not doctors ! We are cells man bcg managers are says that u r not sell man but actua      lly some time they force to work like sellsman"
"Career Growth","Working hours ...som"
"Career Growth","Converion to next level, as given target is more"
"Career Growth","Many differences in many things"
"Career Growth","No. of patients visiting the clinic are less. Job timings are long"
"Career Growth","It is not dissatisfaction. It is somewhat satisfied. I want something more and diversified. Everyone wants to grow and for that a bit space of unsatisfaction is must."
"Belongingness & Support","Oh sorry we always work here i m happy with jiva"
"Settling In","Company is aware n awake about our well being, needs, performance ehancement as well as approvals for holidays which we ask for even during rush days."
"Settling In","work culture "
"Settling In","Good knowledge "
"Settling In","Learning new everyday "
"Settling In","Supporting manager "
"Settling In","Snrs supportive ntr variety of patients"
"Settling In","Sustematic. Working style and coordination"
"Settling In","Adequate working atmosphere."
"Settling In","Jiva is widely growing organization in the field of Ayurveda.  As my  aim i"
"Settling In","Only personal financial issues "
"Settling In","Communication with each other"
Culture,"Dr. Pratap Chauhan Sir "
Culture,"professional approach "
Culture,"Learning while working "
Culture,"Jada se jada pt thik ho rhe hai"
Culture,Doctors
Culture,"Quality,team workand coordination"
Culture,"Team work and adopting various methods to link new people with Jiva and taking proper care of old patients so that Taking Ayurveda at every home holds true."
Culture,"Own pharmacy that is own medicine preparation and combination of churnas can be given because of availability of separate churns.  And obviously Dr.  Pratap Chouhan sir.... "
Culture,Popularity
Culture,"They give u your deserving status"
Culture,"Canteen , washroom "
Culture,"Ttment part of the pts"
Culture,Treatment
Culture,"Drs growth "
Culture,"Range of medicine"
Culture,"More communication with team."
Culture,"Interior of clinic as per ayurvedic furnishing ideas can be improved.  Most important thing is each clinic can be attached with panchakarma centre.  "
Culture,"Panchkarma, Feed back, implementation of sysytems, Emotional level of staff"
Culture,"Communication,Medicines"
"Belongingness & Support","1.reduce office timing 2.healthy financial growth 3.plan health gurranty for employees like health insurance "
"Belongingness & Support","My work.. Handling patients "
"Belongingness & Support","Experience n help of senior Dr "
"Belongingness & Support","Ayurveda knowledge and varity of patient"
"Belongingness & Support","Variety of patients,good working style ,back up support"
"Belongingness & Support","Increasing foot fall of fresh patients as I will get opportunity to treat even more patients and our aim of taking Ayurveda to every home will come true . Apart from this If I get my holidays mentioned in holiday list instead of gaining compensatory off, "
"Belongingness & Support","Knowledge "
"Company Vision","Pure Ayurveda practice, reasearch and development "
"Company Vision","Professional Approach of company and familiar environment "
"Company Vision","Give best treatment.. "
"Company Vision","Creating great opportunity for ayurvedic Dr n giving identity to Ayurveda which was almost lost"
"Company Vision","Company is going forward to reach the people n giving them proper n qualitative assistance"
"Company Vision","Constant efforts to achieve some more and paving newer roads to success."
"Company Vision","Taking Ayurveda of every home.....  And is really working....  Because of MRC it is possible to introduce Ayurveda to those areas also where people are really unaware about the Ayurveda. Congratulations to Jiva for this ???? "
"Company Vision","They value ur strengths"
"Company Vision","Some issues"
Manager,"They r helping doing there work also support us whenever we require but not role models "
Others,"School like environment.. Too much poking "
Others,"Nothing to change but i want to improve efficacy of medicines and want to add some new disease and symptoms to the protocol"
Others,"Nothing "
Others,Target
Others,"For what u r asking about"
Others,"More air-conditioning ..as summer season is gng on and its hard to have lunch there"
Others,"Cleaning on dr seat, and canteen "
Others,"canteen ,,, and sepration time of auditors and drs in canteen"
Others,"Way of consultantion of dr"
Others,"will vanish target pressure"
Others,"Target pressure km krugi taki employes sukoon se km kr sake"
Others,"We know have to do dishes much...  In a mnth..  Bt there should not be much pressure   to do...  More than the given target"
Others,timings
Others,"Canteen and people working over there "
Others,"Canteen  and canteen staff. All r bad"
Others,Nothing
Others,"Non relieved  case should be documented and should be discussed "
Others,"Salary increase"
Others,"Cannot mention"
Others,"Lives prblms and calls"
Others,"Salary "
Others,"Target system hata dijiye..."
Others,Salary
Others,"Target becuase its very high and also sometime we are giving not proper treatment due to target "
Others,"Change sr and rr  policy."
Others,"Plz discuss with doctors too during making of new rules."
Others,"If i were given an opportunity then i will change one thing that in Fr and Sr target should b same for all doctors in all over india , so wr cn maintain equality , coz if m performing well then i will get more target year by year , so for me that should b"
Others,"Right now nothing"
Others,Nothing
Others,"I want to add some new medicine range"
Others,"Want ground floor clinic "
"Belongingness & Support","Getting good exposure of patients and colleagues are supportive "
"Belongingness & Support","As i said before the environment and working style"
"Belongingness & Support","Working process "
"Belongingness & Support","New learning and guidance"
"Belongingness & Support","I want grow In my career "
"Belongingness & Support","Getting knowledge and ptnt quantity is satisfied  for our experience"
"Belongingness & Support","My psm"
"Belongingness & Support","jiva is the big platforms in all ayurvedic drs.... "
"Belongingness & Support","Treatment aspect....reaching to the pt.... curing so many diseases..... handling so many difficult case which have no cure in allopathic treatment"
"Belongingness & Support","love to work in ayurveda,moreover learning is good over here"
"Belongingness & Support","Yha ka helpful and specially girls ke liye safe envirnment"
"Belongingness & Support","Gd opportunity  to learn..  N to grow "
"Belongingness & Support","authentic ayurveda"
"Belongingness & Support","Ayurveda learning"
"Belongingness & Support","Getting knowledge about ayurveda .."
"Belongingness & Support","To learn better command on ayu drug r treatmnt"
"Belongingness & Support","Jiva provide us financial as well as professional development"
"Belongingness & Support","Ayurveda learning "
"Belongingness & Support","Just bcuz here m getting more nd more knowledge about ayurveda"
"Belongingness & Support","Learning about ayurveda"
"Belongingness & Support","Only learning. I cannot expect anything else."
"Belongingness & Support","No pressure"
"Belongingness & Support","Get some money n about treatment "
"Belongingness & Support","This organisation is giving me chance to earn money and also increasing my knowledge and skills day by day"
"Belongingness & Support",Cooperation
"Belongingness & Support","Knowledge .....carrier growth......"
"Belongingness & Support","Good plateform to do best for ayurveda"
"Belongingness & Support","This organization always thinks about the growth and betterment of organization and employee  too .And always ready to do changes as per need."
"Belongingness & Support","Passion and love for Ayurveda !!! Jiva is a good company to work with , giving good opportunities , all seniors are very supportive and encourage us to grow u more , so for growth this is best company to work with . "
"Belongingness & Support","Love to practice Ayurveda and   awsm atmosphere and new learning ."
"Belongingness & Support","Learning by senior doctors"
"Belongingness & Support","It is nearby from my house "
"Belongingness & Support","Good thoughts for patient care"
Culture,Environment
Culture,"Environment "
Culture,"Everything "
Culture,"Cooperative atmosphere"
Culture,"Support from all my colleague and specially my psm dr khusboo."
Culture,"learning phase.,, and support my all team managers"
Culture,"Learning atmosphere"
Culture,"Helping mainesment"
Culture,"Friendly behavior "
Culture,"I m working at jiva because i have gain more knowledge about ayurveda ."
Culture,"Learning and   best platform to excel"
Culture,"Best thing is about to learn so many things from jiva. Like pt. Handling. And watching so many different type of disease pt."
Culture,"Best quality & large n. of medicine"
Culture,"We are doing our own prescription not preformulated medicine like another pharmacy.. We have freedom to work efficiently "
Others,"It should be solved asap "
Others,"Canteen facilities"
Others,"Value of treatment"
Others,"more emphasize on t/t,means drugs knowledge"
Others,"Employee ki bate vo mani jati h jo conpany ke liye beneficial h bt jo employees ke beneficial h vo ni dhyan dia jata to vo change krna chajiye"
Others,"Pressuring fr target"
Others,"right now going smooth"
Others,"Water related prob "
Others,"There should be a library for doctor."
Others,"I think,  there should be library  bcz  this is mrc"
Others,"Plz change doctor chair...bcuz its not comfortable, improvmnt in medicines delivery services, discussion over unrelived cases"
Others,"About target"
Others,"Will tell on time."
Others,"Jaisa chal rha hai vaisa hi thik hai"
Others,"Dr. Should be treated like dr by all"
Others,"Now this is very tight for medicinal view"
Others,"There should be one rule for all .like holidays must be provided on clinics too so that doctors can spend some quality time with their family too .when they  will be  happy and relaxed ,they could  give better results . And the quality of churnas needs im"
Others,"Management should b more effective in terms of handelling the things."
"HR & Policies",Yes
"HR & Policies",no
"HR & Policies",No
"HR & Policies","No need"
"HR & Policies",No
"HR & Policies","Something yet not clear in my mind about the organisation"
"HR & Policies","Some changes are necessary with time and according to the need."
"HR & Policies","Salary "
"HR & Policies","Its good"
"HR & Policies","They listen me properly and try to solve me quarries as soon as possible"
"HR & Policies","As the same of organisation cooperative behaviour"
"HR & Policies","They r good listeners "
"HR & Policies","Helping nature"
"HR & Policies","hr staff is very spportive and helping nature"
"HR & Policies","get salary on tym"
"HR & Policies","They are very helpful"
"HR & Policies","Helpful nature"
"HR & Policies",supportive
"HR & Policies","If we told something to them they take immediate action"
"HR & Policies","Once i had some prob regarding my pg ... and every member of hr even my manager supported me quiet nicely"
"HR & Policies","Their polite nature r instant  helping nature"
"HR & Policies","They r helping in nature"
"HR & Policies","Supportive "
"HR & Policies","They r vry helpful"
"HR & Policies",Good
"HR & Policies","Cant say"
"HR & Policies","The HR department is supportive and they take quick action on all my queries and complaints"
"HR & Policies","They listen our problem give solution as well as posible"
"HR & Policies","Quick and polite responce"
"HR & Policies","They short out any probelm very fast"
"HR & Policies","Prompt response "
"HR & Policies","Plz stop"
"HR & Policies","HR hardly provides proper solution, and never resolves issue on time.. Currently facing issue related to ESS since 3 months but not resolve yet"
"HR & Policies","Not listening properly"
"HR & Policies","For one work we have to go several of times to hr but they even dont care. Always kal aana kal hoga"
"HR & Policies","In any kind helping much in way"
"HR & Policies","Ohhh sry m satisfied with HR departmnt"
"HR & Policies","I was not satisfied with my last query, everyone to whom i talked in hr just tried to manipulate me rather justifying the process"
"HR & Policies","Sometime attitude "
"HR & Policies","Timely  notification about new change."
"HR & Policies","At time of joining they said to me that i will get increment on the bases of performance , but thats not happened ! I gave my 100% , achieved all target for fr and sr and clinic target as well , got incentive since last 6 to 8 months till now , clinic als"
"HR & Policies","Never pick calls "
Culture,"Persnalised treatment"
Culture,"They offer freedom of thinking regarding prescription. Propagation of Aayuyrved in real way"
Culture,"Authentic Ayurveda practice and interaction with so may different types of patience in different region"
Culture,"Somethings but not all"
Culture,"The best consultation is giving to patient in this organization by doctors, i have never seen this m      uch patient education, &follow up importance,  any other doctor giving outside"
Culture,"Friendly environment"
Culture,"Systematic ways of work.. a good working environment.. "
Culture,"I learned a lot about treatment and diseases"
Culture,"Freedom to take leaves,  no unfair deduction "
Culture,"Working hours according to me and discussion with other doctors."
Culture,"There are quality of pt "
Culture,Disiplin
Culture,"Togetherness of colleagues"
Culture,Learning
Culture,"Knowledge sharing sessions "
Culture,"Manager, HR,  sincereity"
Culture,"Hello "
Culture,"Healthy co-operative environment "
Culture,"Knowledge enhancing session"
Culture,Good
Culture,"co-operation of all team members "
Culture,"U r promoting Ayurveda in every home that is good"
Culture,"Working environment is good. PSM support is good."
Culture,"Ayurvedic culture, systemetic data updation of everything, salary on time, incentive, week off reliability, good opportunity to learn in a familiar environment."
Culture,"Ist of all am ayurvedic dr of course field which gives you exposure in exploring ayurveda"
Culture,"Tradition way to treat the patient.."
Culture,"Work atmosphere good "
Culture,Co-operation
Culture,"Dr team"
Culture,"Trening sesation "
Culture,"Training quality"
Culture,"Learning "
Culture,"Facilities ."
Culture,"Training for doctors"
Culture,Yes
Culture,"Numbers of pt talking"
Culture,"change the caintien"
Culture,"Increase Ayurveda Medicines and work on No relief cases"
Culture,"Friendly invoirment"
Culture,"The no of patients"
Culture,"All management is very good"
Culture,Environmental
Culture,"System & Concept "
Culture,"Positive attitude of auditors to senior managers , co ordination with ayureda and technology ,. Good opportunities for fresh year doctors also. Nd complete support by  manager doctors"
Culture,"Number of treatment is good. Here in jiva we can consulted many patient compared to other ayurveda practice"
Culture,"Learn and everything supports me"
Culture,"Good behavior of all members of jiva"
Culture,"free handel for Prescription writing and Management And Dr.chouhan sir"
Culture,"Puncuality, dedication and the way that you counsult patients"
Culture,"Everything good"
Culture,"It is good platform for doctors "
Culture,"Very good behavior of all jiva members "
Culture,"good nature of all doctors "
Culture,Positive
Culture,"Good environment and learning Ayurveda  pathi"
Culture,"Organization is very good for Ayurveda"
Culture,"Kuki suddh ayurvedic treatment hota hai . Yaha bada pyar bhara mahol hi "
Culture,"Gaining more knowledge "
Culture,"very good work in ayuveda"
Culture,"our connection to the pt.  The knowledge enhancing schedules for doctors.   and the helping brains for fresh doctors."
Culture,"Very good work about Ayurveda"
Culture,Invoirment
Culture,Good
Culture,"Well cultured and good behave all of doctors and manaegemnt "
Culture,"Leading in ayurveda its good for future of ayurveda "
Culture,"Improve knowledge...,consultation skills"
Culture,"i like dhanwantri, training sessions, feedback session, helpful nature of everyone"
Culture,"Good platform"
Culture,"Because we are learning here that how ti treat some rare diseases which cant treat by allopathic drs"
Culture,"Dhanwantri training ,helpful nature every one n prayer also "
Culture,"Good Atmosphere of surroundings and get sallary on time "
Culture,"Support of every one "
Culture,"Supportiveness of jiva management "
Culture,"Supportive  and well qualified staff"
Culture,Suportiv
Culture,"Healthy and motivative atmosphere"
Culture,"In jiva we have a great working environment with best carrier growth and pay scale."
Culture,"An organisation which is stabilized Ayurveda platform and growth equally "
Culture,"Redom for  choice of meficine  variety of pstient have bedn seen  learn fun And sharing of knowledge  ayurvedic way  of treatment "
Culture,"Team managers are helpful .. knowlege sharing sessions are good .. quick reply to any query .. "
Culture,"Management is gud handling to us "
Culture,"Enjoying consultation online"
Culture,"Training sessions"
Culture,"1.Very systematic, New conception telephonic consultation, good follow up system, verity of cases, salary on time, team work etc"
Culture,"Culture vision mission"
Culture,"Authentic ayurveda practice and patients exposure is good"
Culture,"Authentic Ayurveda, smart use of digital technology, feedbacks,"
Culture,"The varieties of patient exposture"
Culture,"Work for Ayurveda,dr.pratap sir,team work"
Culture,"In this organisation, we r able to get into the depth  of that particular  disease, so that we can work  on the root cause of that disease."
Culture,"I think it works in well organized manner "
Culture,"This organisation work on the theme of authentic Ayurveda with good technology input in the system along with data management and good, honest work to treat the patient, which give the patient  a new hope to be healthy again even if it is incurable accord"
Culture,"Everthing is ok there are no issue"
Culture,"Open case discussions which enhances knowledge "
Culture,"We are doing authentic ayurveda practice,i wanted to do ayurvedic practice only, thats why still working in jiva"
Culture,"Jiva ayurveda is working with traditional and real ayurveda with personalised treatment.."
Culture,"Great environment for work freely"
Culture,"I get Salary always on time"
Culture,"The extensive research done over the years in the organisation has enable the doctors to find the best suitable medicines for various disease, giving patients sustained relief and doctors an opportunity to help the mankind. "
Culture,"First of all the brand name and its hoal speaks a lot. Working environment is really good. And most importantly it gives as an exposure like nobody else."
Culture,"Passion towards Ayurveda"
Culture,"Excellent "
Culture,"Cleanliness,timely salary,good increment, good work environment"
Culture,"Prompt response to every problem whether its related to patients or to the staff."
Culture,Professionalism
Culture,"In our organization/plateform...i like much its way of tackling d follow up of patients & also ds s d only ayurvedic platform where i can get a lot of exposure & cases from different patients for our Grooming of knowledge"
Culture,"billing amount will.sent on pt.mob.no.also while he /she purchase the medicine aur product"
Culture,"Sitting arrangement at work place, transport facility"
Culture,Communication
Culture,"HR facilities there is no proper reply by any of them"
Culture,"incentive critaria should be improved"
Culture,"Canteen system"
Culture,"More good facilities for doctors ..in terms of  increased payscale "
Culture,"Target pressure"
Culture,"Increment slab,  incentives slab"
Culture,"Fist of all Work on improvement that you want but actually no improvement i see. There must be better hygiene condition, if doctors cant eat lunch in A.C then why other workers do in A.C, there must be a resting room if someone not feeling good, increase "
Culture,"Not only one there are many things "
Culture,"Target scheeme should be organise according to calls  and  dr. Are bones so   they should be healthy forst"
Culture,"Salary and Increment"
Culture,"Cafetaria hygiene "
Culture,"Salary and increment"
Culture,"Canteen food and breakfast,,,,,too much spicy"
Culture,"Salary,  dr..  Education "
Culture,"My sallery related mattet"
Culture,"Washrooms and canteen services"
Culture,"Hygenic condition of toilet "
Culture,"Leadership and experience"
Culture,"no relief cases of patients "
Culture,"In Ayurvedic med research should be done"
Culture,"Mind relaxing ways should be there, bcz this work is completely dependent on status of our mind, "
Culture,"Salary of each & every person who spends her precious time keeping small child at day boarding"
Culture,"Deeply discussion on no relif cases..."
Culture,"Canteen ,work pressure "
Culture,"Chair sitting assembly hall"
Culture,"Canteen issue , increment issue , extra days bench mark issue, target issue , "
Culture,"Medicine quality improves kare"
Culture,"People management"
Culture," Knowledge"
Culture,"Improvement on canteen area, not proper cleaning on work station "
Culture,"Quick response for a single problem of drs."
Culture,"Calls improvement"
Culture,"Medicine "
Culture,"i want to economical grwth"
Culture,"On No relief cases work.."
Culture,Canteen
Culture,Cafeterea
Culture,"jiva sansthan ko ab small district me BHI self clinic open karna chahiye.taki jiva ki drugs har person tak pahuche  "
Culture,"Medicine package"
Culture,"Everything is fine"
Culture,"I suggest. Doctors ki requirment k  liye nd .q.a nd specific history k sessions ho  nd jaha particular doctor ka feedback kam ho waha zyada dhyan diya jaye"
Culture,"Nothing now "
Culture,"Sound problm "
Culture,"All is good"
Culture,"Headphone, chair and Unnesseory call backs"
Culture,"Need more jiva clinics "
Culture,"Need cafeteria in indore mrc"
Culture,"Feels pressure due to target it should be fix"
Culture,"Nothing "
Culture,"maximum calls "
Culture,Behavior
Culture,"Everything is good here"
Culture,"According to me all facilites are good"
Culture,"Medical  wark, employees everything"
Culture,"Improve managment system...,give adequate respect to doctors..,target pressure become decrease so mental tension will decreases "
Culture,"drs ki target  badate hi  improve hota jayega"
Culture,"the MRC doctors are not allowed to get promoted as Clinic doctors. the deserving one should be promoted."
Culture,"Jyada kuch nhi, keval target increase kare, improve hota jayega"
Culture,"Every dr discuss cure case "
Culture,Good
Culture,Nothing
Culture,Nithing
Culture,"Respect of dr.,decrease target so mental tension become decreases "
Culture,"monthly feedback session, "
Culture,"Modern  ,ayurveda knowledge session "
Culture,"Duration of duty hour that 9 hrs is to long ideal time is 8 hour because  we reach the home up to 8pm so it is long time "
Culture,"Feedback  session .... "
Culture,"No. Of washrooms for girls ,pay scales of employee,canteen area requirements "
Culture,"I want if any pt who genuinly consultation of dr should be filtered first "
Culture,"Auditors in indore mrc,,"
Culture,"Always problem about server down and voice not clear during talking to pt so pt become irritated"
Culture,"Target ko focus na kr k pt ki requirment and conditions k anusaar treatment hona chaiye or medicin ka cost pt ko jyada lgta h "
Culture,"Efficacy of the medicines"
Culture,Yes
Culture,"Add  staff like auditor,and essentially required at mrc indore"
Culture,"Improvement in training pattern   more session  for new disease treatment  arrange skme lecyures of dr pratsp chauhsnd  lectures gor drs  for new diseases and their ltrestment    "
Culture,"Infrastructre .. specially chairs .. sitting management .. more karma activities - at least monthly once .. "
Culture,"System  was very low most of time"
Culture,"No Internal list "
Culture,"Yoga and other health activity"
Culture,"Infra structure, salary descrimination, career growth opportunities etc"
Culture,"Camping and resources to generate pt"
Culture,"So many things like facilities like cafeteria "
Culture,"Salary, incentives policy, specialist doctors visit to every clinic s"
Culture,"Other activities like learning , studying to be included more"
Culture,"Incentive fr sr base target raised so high,with good you earn less.more with 2 dr ,performaning dr suffers for other.this should n must be shorted out"
Culture,"Some more medicines should be added in products,so that we can easily handle some short duration diseases in low budget."
Culture,"Change of clinic timings is not suited to patients and doctors . Previous timings was much better , I think so.  "
Culture,"I need Panchakarma and kshar sutra center here for better relief of patients."
Culture,"Have the use the churned vast knowlage of the patient data base regarding the treatment protocol of the most disease as per patient improvement in their perticuler disease condition and stage..so that we all take jiva to a new hight in this era..with auth"
Culture,"Medicine quality"
Culture,"I have raised doctors,concern multiple time to everyconcern and high authority but nothing happend , even i feel it is more negative now,so will not say anything,if you raised concern ,only get negative image in organization"
Culture,"Everything is decided and controlled by non medicos, even mail regarding change in dose of churn is not send to doctors.... Clinic should work as a team of doctors.."
Culture,"Nothing is concerning now"
Culture,"Work time should be 8 hours including lunch and tea breaks????????"
Culture,"Most of things seen in order, however, we can make our contribution more effective if the range of pediatric medicines is extended. "
Culture,"Everything is perfect."
Culture,"Our clinic is on the first floor and in the outer model town, there are no direction arrows so patients sometimes finds it difficult to reach to us.some patients argue medine name is not readable on the aushadhi churna and tablets."
Culture,Reach
Culture,"Line of treatment according to classical system. "
Culture,"There should be medicines available all the time"
Culture,"Though every aspect is good but as per my opinion overall growth mainly related to yearly appraisal should be more"
Culture,"Decentralisation of power to each post ."
Culture,"Jiva ayurveda added some naturopathy result orientated techniques like mud pack for obese patients and many more benefits. "
Culture,"As per i thinking....there s no any remarkable thing so far"
Culture,"One of my friend left jiva 3 months ago a      nd he left with all formalities done by him.he has completed his notice period too."
Culture,"One of my friend left jiva 3 months ago and he left with all formalities done by him.he has completed his notice period too."
Culture,"Its mainely a target based profile.. it should focus more on treatment than target i guess.. how many patients are actually getting healed rather than how many patients are taking treatment."
Culture,"Target should be decreased and increament hold issue "
Culture,"You work on my improvement plan i will be happy."
Culture,"To increse employee happy ness with help him echonomically"
Culture,"Work load to be reduced"
Culture,"Reduce workload"
Culture,"Salary at least increase if Dr promoted from one rank to other rank why only target increase ?"
Culture,"People management "
Culture,Nothing
Culture,"only target"
Culture,"Only target"
Culture,"No target "
Culture,None
Culture,"System slow "
Culture,"Pt ko problm hoti h online consultation se setisfied nhi ho pate apoinment lekr nearest center pr bulaya jae and jb pt call krta h to asistent calls ko filter kr k he aarange kre home remady h ya clinic consultation h ya tretment krwana h or tretment cost"
Culture,"Increase case study discussion sessions .. stress release activities or session .. team or group outing .. "
Culture,Tesr
Culture,"There is no participation of doctor in discussion,non_medicos related to sale team plan each and everything (even regarding related to doctor), our organization says doctors are most important part of jiva clinic,but it never reflect anywhere, we the doct"
Culture,"Involvement and power of doctors should be increased, there should be proper platform where a doctor can raise his concerns and get satisfactory answer..... There should be proper and tranparant growth parameters...."
Culture,"Less load of targets for sales ."
Culture,"1st see who employees work honestly but because of some issue he.left but when he.left jiva at that time jiva is not showing any curicity .     Who employees is gv full attention but after a small reason he left..try to stop this"
Culture,"By providing comfortable chairs, making transport facility available and may be having health insurance for employees, adding sick leaves with EL snd CL "
Culture,"Make environment more friendly"
Culture,"But still he did nt hot his experience certificate."
Culture,"Doctors should gets more priority in this organization compare to area managers., employees must be s      table in a perticular clinic, higher number of employees are quiting, salary should be satisfactory"
Culture,"Share and do work on employes feedback and complains"
Culture,"By giving doctors a better more friendly environment. Without pressurising to complete targets that s too high to achieve. Priority should b on equality to all"
Culture,"Already jiva is a better place "
Culture,"Making economic status better "
Culture,"Like raise in target we want raise in salary then its better to work happily."
Culture,"Ye apka kam hai"
Culture,"It is guud "
Culture,"Five "
Culture,"Dont know"
Culture,"Behaviour of managment should be familier with the staff"
Culture,"Everyone should be asked for their probem regarding working in jiva at regular interval"
Culture,"Health insurance policy,  "
Culture,"If  employees tenure and seniority  related some extra benefits apply for saperatelly not be like new comer doctors "
Culture,"Though we are already having discussions it would be great if these are done by some more experts and frequently "
Culture,"By being positive thinking"
Culture,"Open thought"
Culture,"positive thought & friendly behaviour "
Culture,"It is a better place to work"
Culture,"I have already given the suggestions. Here Jiva is just thinking about company, not for the employes. Salary  audit should be done. Who is getting how much salary for what kind of work."
Culture,"Short Group discussion on a disease should be there wid a free feeling, working hours should be less"
Culture,"By giving much better relief in incurable disease"
Culture,"By  postive attitude.and environmnt."
Culture,"By doing something after listening all in meetings "
Culture,"Saperate dr cabin"
Culture,????
Culture,"By doing good behavior to the patients "
Culture,"Deal everyone equally"
Culture," Increased  some authentic  medicine "
Culture,"All ok "
Culture,"Hormony.peaceful atomosphere"
Culture,"No all god "
Culture,"No Idea"
Culture,"with good infrastucture and hygine"
Culture,"To give free invironment of work culture not pressure of targets and all"
Culture,"My Cellery"
Culture,"More employee empowerment"
Culture,"Jiva ki drug store har distric me available honi chahiye"
Culture,"Best place"
Culture,"My more opd"
Culture,"Some time i thought its like atiyoga of karnendriya  "
Culture,"Improve salary structure and provide better facility at other MRC center like we dont have canteen facility at indore"
Culture,"More learning curve and extend the training duration"
Culture,Yes
Culture,"Plz asked time to time Doctors problems and give solution "
Culture,"Devide working hour in 2 shifts, deliver medicine to patients on time and get more secure atmosphere for female dr in mrc and clinics"
Culture,"Fbd head office management response very delay "
Culture,"Give surety for job and future "
Culture,Yes
Culture,yes
Culture,Yes
Culture,"Because here very good doctors and  all facilities are nice"
Culture,"Open some more clinis to spread Ayurveda"
Culture,"Sab kuch thik hai sab ek dusre ki help krte hai "
Culture,"Increased no. Of dr... n.. giving opportunity for clinic consultation also for mrc dr."
Culture,"target ke saath saath  dr feculty"
Culture,"Target thoda kam kiya jaye,"
Culture,"Cure case discussion and working hrs reduced"
Culture,"Release target"
Culture,Yes
Culture,"Good plateform for new dr .we need to work on infra  "
Culture,"Improve dr. Count.., decrese target"
Culture,"when we are at jiva, we have to focus on achieving targets more than treating pt. due to increasing targets, "
Culture,"System speed work"
Culture,"Every thing is alredy good job place to work but alaways there is some possibility to improve "
Culture,"Target increase so plz salary Bhi increase hona chaiye "
Culture,"Work timigs should be less "
Culture,"No suggestions"
Culture,Yes
Culture,"Not really because we are not sure that pt wil taking good treatment or not  because we Believe in histry of pt what he is saying may be telling lie so we not not completly setisfied about treatment and its resuls"
Culture,"Face to face consultation and no target "
Culture,"Healthy and innovative minds"
Culture,"Jiva is already a great place to be but it can be more better with out door activities to make better bond with each other."
Culture,"Its better feel to work in jiva some improvement like time of working hrs can be reduced and for that efficiency of work can increase "
Culture,Yes
Culture,"By reducing target stress on emplyee .. and implimantations on these suggestions written by us on this app .. "
Culture,"Many pt. Handling and knowledge updating with sr. Dr"
Culture,"Co ordination between the departments and need to celebrate annual day at each centre where we can invite our family too"
Culture,"Reduce monthly goal amount and reduce working hours keep some place to relax"
Culture,"As only chavan sir cannot do everything so a senior doctors team should be made to conduct tv shows, interviews etc. So it will increase our shows then calls and patients too.  For our employees there should be relaxation too, so picnic tours should be or"
Culture,"Taking care of other staffs too other than jiva doctors"
Culture,"By adding some activity like tour/picbic for dr, cin or together.we can strengthen the bond in between.Work pressure is there but release it some thing can be done. N appraisal should be good for those who perform well atleast with increasing inflation,it"
Culture,"Its already a splendid  organisation to work."
Culture,"We can work here without any pressure of organisation we can receive all benifits in time."
Culture,"Jiva is already best place for working ."
Culture,"I think jiva is already a better place to work..to be a better  place it should be complementary, oriented, supportive and productive... "
Culture,"Its better place no doubt"
Culture,"It would be better if you could channelise doctors positive points into sumthing which is both encouraging to the doctor and beneficial for the company. Making doctors feel burdened with un-realistic targets, just because he/she have given their best in t"
Culture,"I am working here as i wanted to do ayurveda practice, rest nothing will change , if u ask about salary hike and disparity in increment , i am sure nobody will listen and so many to explain , being expressive is surely a negative thing in orgamization ,th"
Culture,"Impotant festival holiday leaves for more time spend with family...clinic is open even on 15 August."
Culture,"Jiva is awesome place"
Culture,"Everything is alright. "
Culture,"I think there is 5 keys to make jiva a great place to work. 1. Employee input, 2 employee empowerment, 3. Excellent communication between managment and staff. 4A sense of family among team members, 5 recognition and appreciation to honor good work"
Culture,"Nothing specific"
Culture,"Good to hear from employees and trust on themselves. "
Culture,"Its already better"
Culture,"More Employee welfare schemes should be included "
Culture,"Good salary structure and better way to talk with employees"
Culture,"Paying more attention towards team effort and honest dedicated work. "
Culture,"As we can done a lot of campaign/ advertisement ...for more & more people servicing & get heal with ayurveda "
Manager,"He giving proper aattention and sapport and time to time he give me sapport for work"
Manager,"Quick assistance"
Manager,Supportive
Manager,Motivation
Manager,"She is supportive."
Manager,"Politeness and co operative"
Manager,"He treat us like doctor not like salesmen"
Manager,"Ass  possible"
Manager,"His energy"
Manager,"His behaviour"
Manager,Support
Manager,"His co-operative nature"
Manager,"He do not pressurise for the work but motivate "
Manager,"Supporting and does not causes pressure"
Manager,"Equal behavior for all employees"
Manager,"He is co-operative and helps us timely whenever and wherever required "
Manager,Supportive
Manager,"listen problems"
Manager,"Always helping"
Manager,"She supports every team member irrespective of the resources she has got."
Manager,"Understands my situation ..."
Manager,"Manager is passionate to there work..and work hard"
Manager,"Good supporter "
Manager,"Hapyness motivation"
Manager,???
Manager,"My manager Dr nishikant is very supportive "
Manager,"My maneger  is best  in all  aspects "
Manager,"nature is very  co-operative and very calm "
Manager,"Very good nature"
Manager,"Motivatig and "
Manager,"Good nature"
Manager,"he is good and always ready to help"
Manager,"Manager support is very good"
Manager,"Helping Nature "
Manager,"Very supporting"
Manager,"helping nature"
Manager,"Good nature with support"
Manager,"Supporting nature"
Manager,"Supporting nature nd always give appriciation to all team doctors "
Manager,"Suportive nature"
Manager,"Helping nature and good motivation"
Manager,"Good nature"
Manager,"Friendly talk"
Manager,"He is pure proffessional he have many qualties to learn from him. Dedication for work and solve the quiery as soon as possible are two best quality in him"
Manager,"Supportive and well cooprative nature"
Manager,"He is very Nobel support in every step"
Manager,"Very good behave like mani shankar sir "
Manager,"good behavior "
Manager,"He is very supportive and helpful"
Manager,"Supporting nature"
Manager,"Hamesa motivet krte hai wark ke liye, aur koi galt pr smjhate hai ki use sudharna kyse hai"
Manager,"Alwys supportng for all things "
Manager,"help full nature"
Manager,"Helping nature."
Manager,"Good support"
Manager,"Fully guide me "
Manager,"Work hard"
Manager,"Supportive "
Manager,"Supporting sometime roundly...,some time create partiality"
Manager,"helpful nature, ready to resolve all issues during work "
Manager,"Coprative nature"
Manager,"His helping nature but we are notice from beginning that all manegers even in faridabad all are ready to help for improvement our work"
Manager,"His helping nature....... "
Manager,"Support in all time when we need a lil bit help "
Manager,"Their positive nature n support"
Manager,"Very coperetive and kind nature i never see him angry  or irritetive this is the best quality of him very kind nature "
Manager,Suportive
Manager,"His friendly and cooperative nature"
Manager,"They all have Helping nature, good command on their work and they try to motivate us whenever we need."
Manager,"Manager is good to support in over every problems, every one wants improve there performance and orders but for it not wants any force "
Manager,"Quick reply to any query .. proper suggestion for confuse situation .. motivation .."
Manager,"Handling us very well in all time and support was gud frm manager side "
Manager,"Always smiling  ,that make our  workplace with positivity ,motivate us always"
Manager,"Support and polide natur"
Manager,"Approch to resolve any conflicts and communication skills"
Manager,"Not specific"
Manager,"She is not only my manager but like a Mom"
Manager,"Trying to get mature day by day"
Manager,"Very much cooperative & a decent  personality, helps in every issues time to time."
Manager,"He is very punctual sincere and hard worker ."
Manager,"Helpful and kind attitude towards provide solutions of the problems."
Manager,"Complementary and motivating.. "
Manager,No
Manager,"As a friend"
Manager,"He is so cooperative and supporting for me "
Manager,"He is of helpful nature and possess good management skills. "
Manager,"My Managers name is Mr. Lokendra. He is very supportive and the thing i like the most that he never loose his coolness and always stay calm and he always encourage."
Manager,"His support and friendly attitude."
Manager,"Their "
Manager,"Encourage us "
Manager,"Good team coordinator and good motivater"
Manager,"Motivation and positive attitude "
Manager," systematic work and focussed practical approach. "
Manager,"His co-operations in all aspect for helping boost up my work"
Manager,"Lack of knowledge about the management"
Manager,"Lack of knowledge about the management"
Manager,"lack of personal touch"
Manager,"I find it a more partial thing that happens.. there should b justification on how an employee works rather that how much talkative he/she is. . A mangager should be equally attentive to all rather than for few ."
Manager,"Groups is big reasons "
Manager,"Till the time When i achieved my target 100 everything was going good bcz i also want to fullfill my responsibilities towards the organization. But from last 3 months i lost my call backs due to leaves in the month of jan. Now m trying to get back my prev"
Manager,"Dont knwo"
Manager,"Rude behavior"
Manager,"Follow up calls of other dr arrange not systematic"
Manager,"About our new manager no issue.. Actually recently it got changed"
Manager,"First i missed in. Typing last question thst appraisal practice is like joke now, so much practive being done before and it pre decided, u doing or bad it would be same , this proved this year, highest authority already no hope in increment it would be sa"
Manager,"I have no personal problem with my manager and he is very good and polite...but actually he have very less authorities. This should not be considerd as a complaint, he is always trying to support."
Manager,"Manager have less rights and powers ."
"Company Vision","About Ayurveda.. really we work for ayurveda no body is working for Ayurveda every one working for money but jiva is works for authentic Ayurveda "
"Company Vision","Reaching to needy patients who are located far away"
"Company Vision","Honesty "
"Company Vision","classical and authentic ayurveda practice"
"Company Vision","Pateint priority and there satisfaction"
"Company Vision","Its good to reach to all needy patients "
"Company Vision","Mission ayurveda "
"Company Vision","Salary comes on time"
"Company Vision","When pt. Said i m happy thts enough"
"Company Vision","Nothing special"
"Company Vision","Authentic ayurveda"
"Company Vision","Ayurveda development "
"Company Vision","They help us grow"
"Company Vision","Authentic company  "
"Company Vision","satisfied patients "
"Company Vision","Spreading Ayurveda world wide"
"Company Vision","+ ve attitude for every task"
"Company Vision","To tret the patients with tradition way...and take the ayurveda in every home"
"Company Vision","Giving ayurveda treatment to all people"
"Company Vision","Economically growth"
"Company Vision","I think which Jiva wants like ghar ghar Ayurveda reach we will be able to fulfill "
"Company Vision","Mutul communication"
"Company Vision","Ayurvedic kbowledge to every one"
"Company Vision",Corporate
"Company Vision","Good work in ayurveda industry"
"Company Vision","Grow Of Company"
"Company Vision","Patient relief"
"Company Vision","good work place"
"Company Vision",Grouth
"Company Vision",Growth
"Company Vision","I llike the most number of consultation and ayurveda ko ghar ghar tak pahuchana logo ki routine ko achccha banana"
"Company Vision","Future growth"
"Company Vision","Ayurveda to everyhome"
"Company Vision","Compony touch higher and higher succes "
"Company Vision","Taking ayurveda to every person"
"Company Vision",None
"Company Vision","To reach ayurveda at every home"
"Company Vision","We want more doctors in mrc"
"Company Vision","jiva is the best way to succes "
"Company Vision","More doctors in mrc "
"Company Vision","Deeply knowledge in Ayurveda"
"Company Vision","Find out more about Ayurveda"
"Company Vision","Jiva me meri koi apni phchan ho jo mere name se jani jaye  mene apne courier me jo khoya jiva me mujhe vo vapas diya hai usi chij ko  lekar me apne courier me  satisfaed hona chahati hu"
"Company Vision","Improve skills n concentrate power"
"Company Vision",target
"Company Vision",Target
"Company Vision","No 1 ayurveda spport company"
"Company Vision",Treatment
"Company Vision",Achievement
"Company Vision","Improve knowledge..."
"Company Vision","establishment of Ayurveda "
"Company Vision",Manager
"Company Vision","Our goal is mainly ayurveda should be reach to every home of our india with allover world"
"Company Vision","Yes we Really trying about to reach Ayurveda to every home of india"
"Company Vision","To give Ayurveda treatment to everybody "
"Company Vision","Spreading ayurved "
"Company Vision","Ghar ghar Ayurveda"
"Company Vision","Devotion for Ayurveda"
"Company Vision","Gols realistic and achievable."
"Company Vision","Increase About knowledge of Ayurveda which can tell properly to patients that can help increases goals of company"
"Company Vision","Ayurveda in each and every home"
"Company Vision","Providing authentic and personalized ayurvedic treatment for patients "
"Company Vision","Ghar Ghar Ayurvedi"
"Company Vision","Patients relief"
"Company Vision","Goals with appreciation in form of incentives"
"Company Vision","Spreading my ayurveda successfully "
"Company Vision","To get rid of diseases  with complete  ayurveda."
"Company Vision","Better results "
"Company Vision","It provide best solutions to treat acute and chronic disease through Ayurveda."
"Company Vision","Authentic ayurveda to every home..."
"Company Vision","Increase repeat patient"
"Company Vision","That company is really succeeding in taking authentic ayurveda to every home even in villages."
"Company Vision","To spread ayurveda in each and every home, rest all goals are related to sale i feel now,  i am working in jiva still as we doing authentic ayurveda peactive, "
"Company Vision","Pure and effective Ayurvedic treatment for the society...."
"Company Vision","Taking ayurved at every home"
"Company Vision","Company is spreading ayurveda worldwide with sincere efforts."
"Company Vision","To take ayurveda to single household and to every single person. "
"Company Vision","Taking aayurved to every home."
"Company Vision","We focus on the authentic ayurveda practice "
"Company Vision",Ambitious
"Company Vision","Taking ayurveda to every home"
"Company Vision","Ayurveda at every home....definitely"
"Company Vision","He did nt got his incentives also of november month."
"Company Vision","Nothing unclear"
"Company Vision","No any single "
"Company Vision","Everything is clear"
"Company Vision","My main concern is related my SALLERY  it will be my tenure and seniority its my main concern"
"Company Vision","Every thing is clear but qa is boring unpractical"
"Company Vision","Success path"
"Company Vision","Target puts more pressure"
"Company Vision",!!@@@
"Company Vision",Everything
"Company Vision","Nothing "
"Company Vision","Giving good treatment due to this sometimes we have stress"
"Company Vision","yes it is"
"Company Vision","I want to be my self as clinic doctor some where disappointment because hr did not explane it to me clearly "
"Company Vision","About cancelletion percentage during meking order  "
"Company Vision","When sources are reduced then company goal should be shift lower according to that .. but now a days as sources are less company is increasing the goal .. this plan is not clearly understood to me .."
"Company Vision",Yes
"Company Vision",Nothing
"Company Vision","Whenever some new medicine or product is launched I am unaware about it so not able to answer doctors query regarding same. And leave policies from HR "
"Company Vision","Unnecessary escalation "
"Company Vision","Definitely working here has improved us a lot and given us pride"
"Company Vision","View is clear about jiva goal but implementation and information about jiva village progress are not properly updated timely. I AM well allinged with jiva views about ideology of Jiva for patients health. "
"Company Vision","Need to work like separate department aur specialty like modern specialized dr.is doing "
"Company Vision","And also his PF form also did nt got signed by the mangement."
"Company Vision","I thinks abouty pt not other"
"Company Vision","Dont know"
"Company Vision","By enhancing knowledge by kss"
"Company Vision",??
"Company Vision","Transparency "
"Company Vision",NA
"Company Vision","Tentetive form should be available sothat if pt not teking meficine than cacellation rate will be come down and if mrc send any pt to clinic for treatment  than  50 percent should ger to mrc candidates who has given adress to clinic "
"Company Vision","Advertising and doctors satisfaction towards  theeir work"
"Company Vision","Good communication from management side"
"Company Vision","It was written in book which i saw at time of joining ,but reality is not the same, till the time everything will be decided by sale team (like pratice treatment, etc),nobody eould "
"Company Vision","I have not get ur point ...exactly about core value"
Culture,"Achieving target becomes priority at times that might affect core goal "
Culture,"Grow and let grow should be there more improved"
Culture,"Simply written actually dont know about this ques "
Culture,"I dont know but it doesnot feel like"
Culture,"They should discuss with us "
Culture,"My personal experience"
Culture,"Not clear"
Culture,"Because company is not doing satisfactory efforts for employees..something is lagging behind."
Culture,Personal
Culture,"Pls read my answers"
Culture,"Everyone has its  own  reasons "
Culture,"Keval target badane se  drs ko under pressure rhta he,, "
Culture,"If I am not aware of the core values how can I answer properly.. So explain me it first "
Culture,"Sale i feel is most important part with fresh patient footfall , this might be reason behind above reply"
Culture,"Some times i feel unnecessay task has been given which not required at this stage."
Culture,"Nothig specific"
Culture,"What s d exact meaning of ...core value..???"
Culture,"Thats why everybody avoid to cut down his PF amount in this company."
Culture,"No comment"
Culture,??
Culture,"For making more incentive they left Patient relief and stick on more selling"
